{"cameraMode":{"drawMode":0,"name":"Shaded","section":"Shading Mode"},"sceneLighting":true,"audioPlay":false,"sceneViewState":{"m_AlwaysRefresh":false,"showFog":true,"showSkybox":true,"showFlares":true,"showImageEffects":true,"showParticleSystems":true,"showVisualEffectGraphs":true,"m_FxEnabled":true},"in2DMode":false,"pivot":{"x":28.04282569885254,"y":0.30674076080322268,"z":16.663311004638673},"rotation":{"x":0.009732463397085667,"y":-0.98660808801651,"z":0.15150636434555055,"w":0.06228065863251686},"size":12.12435531616211,"orthographic":false}